customer_id,customer_name,recency,frequency,monetary,r_score,f_score,m_score,rfm_score,customer_segment,churn
AA-10315,Alex Avila,185,5,5563.56,2,2,5,9,Potential Loyalists,1
AA-10375,Allen Armold,20,9,1056.39,5,5,2,12,Loyal Customers,0
AA-10480,Andrew Allen,260,4,1790.5120000000002,1,1,3,5,At Risk,1
AA-10645,Anna Andreadi,56,6,5086.9349999999995,3,3,5,11,Loyal Customers,0
AB-10015,Aaron Bergman,416,3,886.156,1,1,1,3,Lost Customers,1
AB-10060,Adam Bellavance,55,8,7755.62,3,4,5,12,Loyal Customers,0
AB-10105,Adrian Barton,42,10,14473.570999999998,4,5,5,14,Champions,0
AB-10150,Aimee Bixby,42,5,966.71,4,2,2,8,Potential Loyalists,0
AB-10165,Alan Barnes,26,8,1113.838,5,4,2,11,Loyal Customers,0
AB-10255,Alejandro Ballentine,167,9,914.5319999999999,2,5,1,8,Potential Loyalists,1
AB-10600,Ann Blume,51,4,1515.862,4,1,2,7,Potential Loyalists,0
AC-10420,Alyssa Crouse,233,3,925.8,1,1,1,3,Lost Customers,1
AC-10450,Amy Cox,12,7,5527.846,5,3,5,13,Champions,0
AC-10615,Ann Chong,7,5,2537.6859999999997,5,2,3,10,Loyal Customers,0
AC-10660,Anna Chung,283,5,657.316,1,2,1,4,At Risk,1
AD-10180,Alan Dominguez,30,8,6106.88,4,4,5,13,Champions,0
AF-10870,Art Ferguson,42,7,2052.908,4,3,3,10,Loyal Customers,0
AF-10885,Art Foster,416,4,861.565,1,1,1,3,Lost Customers,1
AG-10270,Alejandro Grove,279,5,2582.898,1,2,3,6,At Risk,1
AG-10300,Aleksandra Gannaway,119,4,367.548,2,1,1,4,At Risk,1
AG-10330,Alex Grayson,9,5,660.972,5,2,1,8,Potential Loyalists,0
AG-10390,Allen Goldenen,115,5,200.945,2,2,1,5,At Risk,1
AG-10495,Andrew Gjertsen,79,8,2356.855,3,4,3,10,Loyal Customers,0
AG-10525,Andy Gerbode,846,4,1455.038,1,1,2,4,At Risk,1
AG-10675,Anna Gayman,98,7,3489.0396000000005,3,3,4,10,Loyal Customers,1
AG-10765,Anthony Garverick,78,4,170.584,3,1,1,5,At Risk,0
AG-10900,Arthur Gainer,97,10,4510.797,3,5,5,13,Champions,1
AH-10030,Aaron Hawkins,13,7,1744.7,5,3,3,11,Loyal Customers,0
AH-10075,Adam Hart,35,10,3250.337,4,5,4,13,Champions,0
AH-10120,Adrian Hane,61,7,1735.5140000000001,3,3,2,8,Potential Loyalists,0
AH-10195,Alan Haines,56,4,1587.452,3,1,2,6,At Risk,0
AH-10210,Alan Hwang,7,9,4805.344,5,5,5,15,Champions,0
AH-10465,Amy Hunt,231,5,2495.3916,1,2,3,6,At Risk,1
AH-10585,Angele Hood,22,4,738.504,5,1,1,7,Potential Loyalists,0
AH-10690,Anna Häberlin,411,12,7888.294,1,5,5,11,Loyal Customers,1
AI-10855,Arianne Irving,14,10,4375.786,5,5,5,15,Champions,0
AJ-10780,Anthony Jacobs,76,7,4867.344,3,3,5,11,Loyal Customers,0
AJ-10795,Anthony Johnson,167,7,4501.391,2,3,5,10,Loyal Customers,1
AJ-10945,Ashley Jarboe,86,7,1839.24,3,3,3,9,Potential Loyalists,0
AJ-10960,Astrea Jones,75,3,629.2479999999999,3,1,1,5,At Risk,0
AM-10360,Alice McCarthy,29,5,814.012,4,2,1,7,Potential Loyalists,0
AM-10705,Anne McFarland,163,8,5664.022,2,4,5,11,Loyal Customers,1
AO-10810,Anthony O'Donnell,502,1,161.28,1,1,1,3,Lost Customers,1
AP-10720,Anne Pryor,42,8,1638.554,4,4,2,10,Loyal Customers,0
AP-10915,Arthur Prichep,99,10,3323.556,3,5,4,12,Loyal Customers,1
AR-10345,Alex Russell,112,4,1055.694,2,1,2,5,At Risk,1
AR-10405,Allen Rosenblatt,126,5,2236.128,2,2,3,7,Potential Loyalists,1
AR-10510,Andrew Roberts,15,5,264.86400000000003,5,2,1,8,Potential Loyalists,0
AR-10540,Andy Reiter,7,6,6608.448,5,3,5,13,Champions,0
AR-10570,Anemone Ratner,535,1,88.15,1,1,1,3,Lost Customers,1
AR-10825,Anthony Rawles,59,8,4523.336,3,4,5,12,Loyal Customers,0
AS-10045,Aaron Smayling,89,7,3050.692,3,3,4,10,Loyal Customers,0
AS-10090,Adam Shillingsburg,29,9,3255.31,4,5,4,13,Champions,0
AS-10135,Adrian Shami,42,2,58.82,4,1,1,6,At Risk,0
AS-10225,Alan Schoenberger,23,5,4260.784,5,2,4,11,Loyal Customers,0
AS-10240,Alan Shonely,193,7,584.6080000000001,2,3,1,6,At Risk,1
AS-10285,Alejandro Savely,20,6,3214.236,5,3,4,12,Loyal Customers,0
AS-10630,Ann Steele,93,7,833.398,3,3,1,7,Potential Loyalists,1
AT-10435,Alyssa Tate,22,6,1171.814,5,3,2,10,Loyal Customers,0
AT-10735,Annie Thurman,14,10,3831.864,5,5,4,14,Champions,0
AW-10840,Anthony Witt,21,4,649.376,5,1,1,7,Potential Loyalists,0
AW-10930,Arthur Wiediger,47,7,2852.968,4,3,4,11,Loyal Customers,0
AY-10555,Andy Yotov,15,4,497.014,5,1,1,7,Potential Loyalists,0
AZ-10750,Annie Zypern,161,6,1622.0179999999998,2,3,2,7,Potential Loyalists,1
BB-10990,Barry Blumstein,106,5,744.3399999999999,2,2,1,5,At Risk,1
BB-11545,Brenda Bowman,29,9,6765.728,4,5,5,14,Champions,0
BC-11125,Becky Castell,203,9,2933.676,2,5,4,11,Loyal Customers,1
BD-11320,Bill Donatelli,34,12,5718.521,4,5,5,14,Champions,0
BD-11500,Bradley Drucker,36,6,4411.2429999999995,4,3,5,12,Loyal Customers,0
BD-11560,Brendan Dodson,279,2,320.54,1,1,1,3,Lost Customers,1
BD-11605,Brian Dahlen,98,7,3288.471,3,3,4,10,Loyal Customers,1
BD-11620,Brian DeCherney,70,6,1538.11,3,3,2,8,Potential Loyalists,0
BD-11635,Brian Derr,10,3,582.646,5,1,1,7,Potential Loyalists,0
BD-11725,Bruce Degenhardt,94,6,1526.5,3,3,2,8,Potential Loyalists,1
BD-11770,Bryan Davis,328,6,658.466,1,3,1,5,At Risk,1
BE-11335,Bill Eplett,120,5,4204.676,2,2,4,8,Potential Loyalists,1
BE-11410,Bobby Elias,99,5,2261.438,3,2,3,8,Potential Loyalists,1
BE-11455,Brad Eason,255,6,1727.652,1,3,2,6,At Risk,1
BF-10975,Barbara Fisher,92,7,599.798,3,3,1,7,Potential Loyalists,1
BF-11005,Barry Franz,40,4,1333.88,4,1,2,7,Potential Loyalists,0
BF-11020,Barry Französisch,75,8,2888.506,3,4,4,11,Loyal Customers,0
BF-11080,Bart Folk,26,3,272.95,5,1,1,7,Potential Loyalists,0
BF-11170,Ben Ferrer,17,11,5907.972,5,5,5,15,Champions,0
BF-11215,Benjamin Farhat,66,4,1585.162,3,1,2,6,At Risk,0
BF-11275,Beth Fritzler,58,3,791.9899999999999,3,1,1,5,At Risk,0
BG-11035,Barry Gonzalez,29,8,2798.948,4,4,4,12,Loyal Customers,0
BG-11695,Brooke Gillingham,37,6,1874.172,4,3,3,10,Loyal Customers,0
BG-11740,Bruce Geld,58,6,1006.356,3,3,2,8,Potential Loyalists,0
BH-11710,Brosina Hoffman,24,8,6255.351,5,4,5,14,Champions,0
BK-11260,Berenike Kampe,78,6,659.1379999999999,3,3,1,7,Potential Loyalists,0
BM-11140,Becky Martin,308,4,11789.63,1,1,5,7,Potential Loyalists,1
BM-11575,Brendan Murry,101,6,808.162,3,3,1,7,Potential Loyalists,1
BM-11650,Brian Moss,34,11,7294.185,4,5,5,14,Champions,0
BM-11785,Bryan Mills,219,10,1338.842,2,5,2,9,Potential Loyalists,1
BN-11470,Brad Norvell,25,4,265.296,5,1,1,7,Potential Loyalists,0
BN-11515,Bradley Nguyen,10,5,1459.344,5,2,2,9,Potential Loyalists,0
BO-11350,Bill Overfelt,138,5,2682.728,2,2,3,7,Potential Loyalists,1
BO-11425,Bobby Odegard,76,2,130.83,3,1,1,5,At Risk,0
BP-11050,Barry Pond,84,5,983.42,3,2,2,7,Potential Loyalists,0
BP-11095,Bart Pistole,18,12,2442.044,5,5,3,13,Champions,0
BP-11155,Becky Pak,90,6,1697.8609999999999,3,3,2,8,Potential Loyalists,0
BP-11185,Ben Peterman,2,9,3675.861,5,5,4,14,Champions,0
BP-11230,Benjamin Patterson,40,5,1181.49,4,2,2,8,Potential Loyalists,0
BP-11290,Beth Paige,13,7,2475.157,5,3,3,11,Loyal Customers,0
BS-11365,Bill Shonely,559,5,10501.653,1,2,5,8,Potential Loyalists,1
BS-11380,Bill Stewart,29,5,3887.834,4,2,4,10,Loyal Customers,0
BS-11590,Brendan Sweed,36,6,2454.928,4,3,3,10,Loyal Customers,0
BS-11665,Brian Stugart,583,3,3288.1099999999997,1,1,4,6,At Risk,1
BS-11755,Bruce Stewart,2,7,2562.382,5,3,3,11,Loyal Customers,0
BS-11800,Bryan Spruell,266,2,949.4300000000001,1,1,1,3,Lost Customers,1
BT-11305,Beth Thompson,337,5,2567.656,1,2,3,6,At Risk,1
BT-11395,Bill Tyler,303,6,2186.6130000000003,1,3,3,7,Potential Loyalists,1
BT-11440,Bobby Trafton,561,4,603.876,1,1,1,3,Lost Customers,1
BT-11485,Brad Thomas,660,2,415.19599999999997,1,1,1,3,Lost Customers,1
BT-11530,Bradley Talbott,92,5,2684.4919999999997,3,2,3,8,Potential Loyalists,1
BT-11680,Brian Thompson,21,7,3196.752,5,3,4,12,Loyal Customers,0
BV-11245,Benjamin Venier,335,5,1523.2730000000001,1,2,2,5,At Risk,1
BW-11065,Barry Weirich,213,3,385.516,2,1,1,4,At Risk,1
BW-11110,Bart Watters,122,8,4750.358,2,4,5,11,Loyal Customers,1
BW-11200,Ben Wallace,204,6,1738.406,2,3,2,7,Potential Loyalists,1
CA-11965,Carol Adams,97,6,3789.7228,3,3,4,10,Loyal Customers,1
CA-12055,Cathy Armstrong,402,5,1679.7240000000002,1,2,2,5,At Risk,1
CA-12265,Christina Anderson,57,9,2648.2872,3,5,3,11,Loyal Customers,0
CA-12310,Christine Abelman,14,4,1421.954,5,1,2,8,Potential Loyalists,0
CA-12775,Cynthia Arntzen,121,7,3041.566,2,3,4,9,Potential Loyalists,1
CB-12025,Cassandra Brandow,48,10,6076.139,4,5,5,14,Champions,0
CB-12415,Christy Brittain,27,8,1949.2,5,4,3,12,Loyal Customers,0
CB-12535,Claudia Bergmann,198,8,4246.4555,2,4,4,10,Loyal Customers,1
CC-12100,Chad Cunningham,458,6,1770.945,1,3,3,7,Potential Loyalists,1
CC-12145,Charles Crestani,107,7,2471.65,2,3,3,8,Potential Loyalists,1
CC-12220,Chris Cortes,21,12,3913.418,5,5,4,14,Champions,0
CC-12370,Christopher Conant,44,5,12129.072000000002,4,2,5,11,Loyal Customers,0
CC-12430,Chuck Clark,1,10,2870.05,5,5,4,14,Champions,0
CC-12475,Cindy Chapman,40,9,1659.438,4,5,2,11,Loyal Customers,0
CC-12550,Clay Cheatham,28,3,113.832,4,1,1,6,At Risk,0
CC-12610,Corey Catlett,35,7,2540.631,4,3,3,10,Loyal Customers,0
CC-12670,Craig Carreira,30,7,2269.7015,4,3,3,10,Loyal Customers,0
CC-12685,Craig Carroll,800,4,2854.1150000000002,1,1,4,6,At Risk,1
CD-11920,Carlos Daly,41,5,2033.968,4,2,3,9,Potential Loyalists,0
CD-11980,Carol Darley,55,3,639.766,3,1,1,5,At Risk,0
CD-12280,Christina DeMoss,43,2,1205.584,4,1,2,7,Potential Loyalists,0
CD-12790,Cynthia Delaney,400,5,1860.732,1,2,3,6,At Risk,1
CG-12040,Catherine Glotzbach,50,6,904.4680000000001,4,3,1,8,Potential Loyalists,0
CG-12520,Claire Gute,339,3,1148.7800000000002,1,1,2,4,At Risk,1
CH-12070,Cathy Hwang,692,3,1537.236,1,1,2,4,At Risk,1
CJ-11875,Carl Jackson,366,1,16.52,1,1,1,3,Lost Customers,1
CJ-12010,Caroline Jumper,190,8,11164.974,2,4,5,11,Loyal Customers,1
CK-12205,Chloris Kastensmidt,40,13,3154.855,4,5,4,13,Champions,0
CK-12325,Christine Kargatis,121,5,2945.321,2,2,4,8,Potential Loyalists,1
CK-12595,Clytie Kelty,44,11,2372.75,4,5,3,12,Loyal Customers,0
CK-12760,Cyma Kinney,83,9,1582.109,3,5,2,10,Loyal Customers,0
CL-11890,Carl Ludwig,107,4,1262.0140000000001,2,1,2,5,At Risk,1
CL-12565,Clay Ludtke,285,12,10880.546,1,5,5,11,Loyal Customers,1
CL-12700,Craig Leslie,106,5,2353.586,2,2,3,7,Potential Loyalists,1
CM-11815,Candace McMahon,132,6,1673.888,2,3,2,7,Potential Loyalists,1
CM-11935,Carlos Meador,709,2,565.392,1,1,1,3,Lost Customers,1
CM-12115,Chad McGuire,9,4,1661.6100000000001,5,1,2,8,Potential Loyalists,0
CM-12160,Charles McCrossin,27,6,2533.314,5,3,3,11,Loyal Customers,0
CM-12190,Charlotte Melton,9,6,1475.144,5,3,2,10,Loyal Customers,0
CM-12235,Chris McAfee,386,5,2305.712,1,2,3,6,At Risk,1
CM-12385,Christopher Martinez,38,4,8954.019999999999,4,1,5,10,Loyal Customers,0
CM-12445,Chuck Magee,437,3,287.99,1,1,1,3,Lost Customers,1
CM-12655,Corinna Mitchell,28,6,6339.5576,4,3,5,12,Loyal Customers,0
CM-12715,Craig Molinari,1036,4,3984.4524,1,1,4,6,At Risk,1
CP-12085,Cathy Prescott,83,8,5402.254,3,4,5,12,Loyal Customers,0
CP-12340,Christine Phan,161,8,5888.275,2,4,5,11,Loyal Customers,1
CR-12580,Clay Rozendal,58,4,2148.852,3,1,3,7,Potential Loyalists,0
CR-12625,Corey Roper,471,3,475.9,1,1,1,3,Lost Customers,1
CR-12730,Craig Reiter,79,4,1600.55,3,1,2,6,At Risk,0
CR-12820,Cyra Reiten,86,3,1397.8724,3,1,2,6,At Risk,0
CS-11845,Cari Sayre,92,5,1278.954,3,2,2,7,Potential Loyalists,1
CS-11860,Cari Schnelling,163,6,537.632,2,3,1,6,At Risk,1
CS-11950,Carlos Soltero,26,11,3036.547,5,5,4,14,Champions,0
CS-12130,Chad Sievert,490,4,884.64,1,1,1,3,Lost Customers,1
CS-12175,Charles Sheldon,233,5,844.4580000000001,1,2,1,4,At Risk,1
CS-12250,Chris Selesnick,27,12,2754.216,5,5,4,14,Champions,0
CS-12355,Christine Sundaresam,7,11,3202.1620000000003,5,5,4,14,Champions,0
CS-12400,Christopher Schild,3,9,3651.8585000000003,5,5,4,14,Champions,0
CS-12460,Chuck Sachs,28,2,550.644,4,1,1,6,At Risk,0
CS-12490,Cindy Schnelling,425,4,1077.2285,1,1,2,4,At Risk,1
CS-12505,Cindy Stewart,59,6,5690.054999999999,3,3,5,11,Loyal Customers,0
CT-11995,Carol Triggs,97,8,3241.898,3,4,4,11,Loyal Customers,1
CV-12295,Christina VanderZanden,255,5,2830.6279999999997,1,2,4,7,Potential Loyalists,1
CV-12805,Cynthia Voltz,6,9,2370.3136,5,5,3,13,Champions,0
CW-11905,Carl Weiss,23,6,1136.592,5,3,2,10,Loyal Customers,0
CY-12745,Craig Yedwab,61,8,2900.026,3,4,4,11,Loyal Customers,0
Co-12640,Corey-Lock,550,5,1300.076,1,2,2,5,At Risk,1
DA-13450,Dianna Arnett,353,4,156.76,1,1,1,3,Lost Customers,1
DB-12910,Daniel Byrd,22,8,2171.599,5,4,3,12,Loyal Customers,0
DB-12970,Darren Budd,242,5,2839.2272,1,2,4,7,Potential Loyalists,1
DB-13060,Dave Brooks,17,7,4531.646,5,3,5,13,Champions,0
DB-13120,David Bremer,49,7,2973.094,4,3,4,11,Loyal Customers,0
DB-13210,Dean Braden,10,10,2332.577,5,5,3,13,Champions,0
DB-13270,Deborah Brumfield,54,8,4655.897,4,4,5,13,Champions,0
DB-13360,Dennis Bolton,265,5,1081.466,1,2,2,5,At Risk,1
DB-13405,Denny Blanton,188,4,1711.692,2,1,2,5,At Risk,1
DB-13555,Dorothy Badders,108,7,3908.8028,2,3,4,9,Potential Loyalists,1
DB-13615,Doug Bickford,34,7,1989.05,4,3,3,10,Loyal Customers,0
DB-13660,Duane Benoit,13,7,1155.202,5,3,2,10,Loyal Customers,0
DC-12850,Dan Campbell,38,9,3336.168,4,5,4,13,Champions,0
DC-13285,Debra Catini,24,5,1174.618,5,2,2,9,Potential Loyalists,0
DD-13570,Dorothy Dickinson,42,6,269.542,4,3,1,8,Potential Loyalists,0
DE-13255,Deanra Eno,720,5,2550.874,1,2,3,6,At Risk,1
DF-13135,David Flashing,701,3,2390.534,1,1,3,5,At Risk,1
DG-13300,Deirdre Greer,33,5,3195.818,4,2,4,10,Loyal Customers,0
DH-13075,Dave Hallsten,278,6,4932.872,1,3,5,9,Potential Loyalists,1
DH-13675,Duane Huffman,777,4,1043.096,1,1,2,4,At Risk,1
DJ-13420,Denny Joy,638,4,2012.52,1,1,3,5,At Risk,1
DJ-13510,Don Jones,49,8,2501.6879999999996,4,4,3,11,Loyal Customers,0
DJ-13630,Doug Jacobs,13,3,3356.398,5,1,4,10,Loyal Customers,0
DK-12835,Damala Kotsonis,22,12,3256.48,5,5,4,14,Champions,0
DK-12895,Dana Kaydos,46,5,4282.176,4,2,4,10,Loyal Customers,0
DK-12985,Darren Koutras,8,5,1687.04,5,2,2,9,Potential Loyalists,0
DK-13090,Dave Kipp,43,7,2650.557,4,3,3,10,Loyal Customers,0
DK-13150,David Kendrick,11,2,797.832,5,1,1,7,Potential Loyalists,0
DK-13225,Dean Katz,11,9,4802.394,5,5,5,15,Champions,0
DK-13375,Dennis Kane,20,8,3318.486,5,4,4,13,Champions,0
DL-12865,Dan Lawera,101,8,1503.112,3,4,2,9,Potential Loyalists,1
DL-12925,Daniel Lacy,58,6,3272.2,3,3,4,10,Loyal Customers,0
DL-13315,Delfina Latchford,23,8,1458.258,5,4,2,11,Loyal Customers,0
DL-13330,Denise Leinenbach,58,4,585.02,3,1,1,5,At Risk,0
DL-13495,Dionis Lloyd,77,8,3539.322,3,4,4,11,Loyal Customers,0
DM-12955,Dario Medina,115,7,1322.034,2,3,2,7,Potential Loyalists,1
DM-13015,Darrin Martin,58,7,6345.103,3,3,5,11,Loyal Customers,0
DM-13345,Denise Monton,23,8,4074.4719999999998,5,4,4,13,Champions,0
DM-13525,Don Miller,482,3,1376.792,1,1,2,4,At Risk,1
DN-13690,Duane Noonan,218,7,2139.79,2,3,3,8,Potential Loyalists,1
DO-13435,Denny Ordway,134,9,1300.0315,2,5,2,9,Potential Loyalists,1
DO-13645,Doug O'Connell,27,7,1267.316,5,3,2,10,Loyal Customers,0
DP-13000,Darren Powers,127,9,1050.636,2,5,2,9,Potential Loyalists,1
DP-13105,Dave Poirier,7,8,2215.002,5,4,3,12,Loyal Customers,0
DP-13165,David Philippe,813,2,1058.616,1,1,2,4,At Risk,1
DP-13390,Dennis Pardue,359,9,5480.723999999999,1,5,5,11,Loyal Customers,1
DR-12880,Dan Reichenbach,4,9,6528.034000000001,5,5,5,15,Champions,0
DR-12940,Daniel Raglin,51,8,8350.868,4,4,5,13,Champions,0
DS-13030,Darrin Sayre,94,4,1762.213,3,1,3,7,Potential Loyalists,1
DS-13180,David Smith,24,9,2881.8128,5,5,4,14,Champions,0
DV-13045,Darrin Van Huff,20,5,1119.483,5,2,2,9,Potential Loyalists,0
DV-13465,Dianna Vittorini,30,6,3341.587,4,3,4,11,Loyal Customers,0
DW-13195,David Wiener,70,6,1080.751,3,3,2,8,Potential Loyalists,0
DW-13480,Dianna Wilson,218,5,5271.628,2,2,5,9,Potential Loyalists,1
DW-13540,Don Weiss,99,5,344.08,3,2,1,6,At Risk,1
DW-13585,Dorothy Wardle,243,7,1204.854,1,3,2,6,At Risk,1
Dl-13600,Dorris liebe,120,5,755.602,2,2,1,5,At Risk,1
Dp-13240,Dean percer,85,11,7198.7609999999995,3,5,5,13,Champions,0
EA-14035,Erin Ashbrook,153,13,2846.705,2,5,4,11,Loyal Customers,1
EB-13705,Ed Braxton,49,9,3644.978,4,5,4,13,Champions,0
EB-13750,Edward Becker,36,10,3236.314,4,5,4,13,Champions,0
EB-13840,Ellis Ballard,91,5,4358.128,3,2,5,10,Loyal Customers,1
EB-13870,Emily Burns,101,10,2767.219,3,5,4,12,Loyal Customers,1
EB-13930,Eric Barreto,162,5,944.6000000000001,2,2,1,5,At Risk,1
EB-13975,Erica Bern,1,4,1643.255,5,1,2,8,Potential Loyalists,0
EB-14110,Eugene Barchas,114,6,3071.126,2,3,4,9,Potential Loyalists,1
EB-14170,Evan Bailliet,83,6,1186.326,3,3,2,8,Potential Loyalists,0
EC-14050,Erin Creighton,54,5,461.914,4,2,1,7,Potential Loyalists,0
ED-13885,Emily Ducich,136,8,3484.92,2,4,4,10,Loyal Customers,1
EG-13900,Emily Grady,23,5,1832.02,5,2,3,10,Loyal Customers,0
EH-13765,Edward Hooks,136,12,10310.880000000001,2,5,5,12,Loyal Customers,1
EH-13945,Eric Hoffmann,218,8,684.1709999999999,2,4,1,7,Potential Loyalists,1
EH-13990,Erica Hackney,406,6,825.9499999999999,1,3,1,5,At Risk,1
EH-14005,Erica Hernandez,3,7,1219.53,5,3,2,10,Loyal Customers,0
EH-14125,Eugene Hildebrand,153,10,3082.653,2,5,4,11,Loyal Customers,1
EH-14185,Evan Henry,106,6,923.884,2,3,1,6,At Risk,1
EJ-13720,Ed Jacobs,303,4,2162.174,1,1,3,5,At Risk,1
EJ-14155,Eva Jacobs,58,5,2656.691,3,2,3,8,Potential Loyalists,0
EK-13795,Eileen Kiefer,45,4,1303.478,4,1,2,7,Potential Loyalists,0
EL-13735,Ed Ludwig,78,2,124.28,3,1,1,5,At Risk,0
EM-13810,Eleni McCrary,133,5,2567.0099999999998,2,2,3,7,Potential Loyalists,1
EM-13825,Elizabeth Moffitt,56,8,2339.598,3,4,3,10,Loyal Customers,0
EM-13960,Eric Murdock,152,5,933.704,2,2,1,5,At Risk,1
EM-14065,Erin Mull,48,4,228.99,4,1,1,6,At Risk,0
EM-14095,Eudokia Martin,114,4,1041.0420000000001,2,1,2,5,At Risk,1
EM-14140,Eugene Moren,49,6,4588.436000000001,4,3,5,12,Loyal Customers,0
EM-14200,Evan Minnotte,159,3,366.822,2,1,1,4,At Risk,1
EN-13780,Edward Nazzal,288,4,2199.366,1,1,3,5,At Risk,1
EP-13915,Emily Phan,13,17,5478.0608,5,5,5,15,Champions,0
ER-13855,Elpida Rittenbach,422,3,1245.788,1,1,2,4,At Risk,1
ES-14020,Erica Smith,41,5,3510.4579999999996,4,2,4,10,Loyal Customers,0
ES-14080,Erin Smith,29,9,4657.924,4,5,5,14,Champions,0
FA-14230,Frank Atkinson,98,7,2984.054,3,3,4,10,Loyal Customers,1
FC-14245,Frank Carlisle,71,7,3418.742,3,3,4,10,Loyal Customers,0
FC-14335,Fred Chung,185,7,3889.366,2,3,4,9,Potential Loyalists,1
FG-14260,Frank Gastineau,35,7,1383.144,4,3,2,9,Potential Loyalists,0
FH-14275,Frank Hawley,38,10,4256.272,4,5,4,13,Champions,0
FH-14350,Fred Harton,213,4,2271.284,2,1,3,6,At Risk,1
FH-14365,Fred Hopkins,6,8,6987.196,5,4,5,14,Champions,0
FM-14215,Filia McAdams,8,10,2456.638,5,5,3,13,Champions,0
FM-14290,Frank Merwin,37,9,3736.198,4,5,4,13,Champions,0
FM-14380,Fred McMath,146,9,2523.266,2,5,3,10,Loyal Customers,1
FO-14305,Frank Olsen,39,10,2678.438,4,5,3,12,Loyal Customers,0
FP-14320,Frank Preis,24,8,4046.746,5,4,4,13,Champions,0
FW-14395,Fred Wasserman,363,3,79.75,1,1,1,3,Lost Customers,1
GA-14515,George Ashbrook,150,8,3919.7760000000003,2,4,4,10,Loyal Customers,1
GA-14725,Guy Armstrong,6,11,1398.382,5,5,2,12,Loyal Customers,0
GB-14530,George Bell,63,11,1568.44,3,5,2,10,Loyal Customers,0
GB-14575,Giulietta Baptist,14,5,4716.288,5,2,5,12,Loyal Customers,0
GD-14590,Giulietta Dortch,6,4,1888.07,5,1,3,9,Potential Loyalists,0
GG-14650,Greg Guthrie,44,9,2224.0,4,5,3,12,Loyal Customers,0
GH-14410,Gary Hansen,76,9,2819.4669999999996,3,5,4,12,Loyal Customers,0
GH-14425,Gary Hwang,51,4,4172.8460000000005,4,1,4,9,Potential Loyalists,0
GH-14485,Gene Hale,388,2,1361.2440000000001,1,1,2,4,At Risk,1
GH-14665,Greg Hansen,3,2,146.94080000000002,5,1,1,7,Potential Loyalists,0
GK-14620,Grace Kelly,113,9,6497.27,2,5,5,12,Loyal Customers,1
GM-14440,Gary McGarr,84,7,3582.8199999999997,3,3,4,10,Loyal Customers,0
GM-14455,Gary Mitchum,17,6,3078.624,5,3,4,12,Loyal Customers,0
GM-14500,Gene McClure,107,10,1255.682,2,5,2,9,Potential Loyalists,1
GM-14680,Greg Matthias,153,6,3163.628,2,3,4,9,Potential Loyalists,1
GM-14695,Greg Maxwell,118,3,6049.966,2,1,5,8,Potential Loyalists,1
GP-14740,Guy Phonely,766,2,236.53,1,1,1,3,Lost Customers,1
GR-14560,Georgia Rosenberg,1136,2,1284.38,1,1,2,4,At Risk,1
GT-14635,Grant Thornton,57,3,9351.212,3,1,5,9,Potential Loyalists,0
GT-14710,Greg Tran,37,11,11820.119999999999,4,5,5,14,Champions,0
GT-14755,Guy Thornton,35,4,226.436,4,1,1,6,At Risk,0
GW-14605,Giulietta Weimer,29,7,2189.019,4,3,3,10,Loyal Customers,0
GZ-14470,Gary Zandusky,8,9,4355.150000000001,5,5,5,15,Champions,0
GZ-14545,George Zrebassa,158,4,2454.6220000000003,2,1,3,6,At Risk,1
HA-14905,Helen Abelman,70,7,2163.3,3,3,3,9,Potential Loyalists,0
HA-14920,Helen Andreada,21,8,2584.158,5,4,3,12,Loyal Customers,0
HD-14785,Harold Dahlen,770,3,251.36,1,1,1,3,Lost Customers,1
HE-14800,Harold Engle,13,4,883.5319999999999,5,1,1,7,Potential Loyalists,0
HF-14995,Herbert Flentye,22,7,2533.1639999999998,5,4,3,12,Loyal Customers,0
HG-14845,Harry Greene,55,5,785.628,3,2,1,6,At Risk,0
HG-14965,Henry Goldwyn,24,12,3247.642,5,5,4,14,Champions,0
HG-15025,Hunter Glantz,7,7,3690.284,5,4,4,13,Champions,0
HH-15010,Hilary Holden,73,2,218.668,3,1,1,5,At Risk,0
HJ-14875,Heather Jas,127,5,358.1,2,2,1,5,At Risk,1
HK-14890,Heather Kirkland,152,8,4877.784,2,4,5,11,Loyal Customers,1
HL-15040,Hunter Lopez,44,6,12873.297999999999,4,3,5,12,Loyal Customers,0
HM-14860,Harry Marie,3,10,8236.7648,5,5,5,15,Champions,0
HM-14980,Henry MacAllister,248,4,736.276,1,1,1,3,Lost Customers,1
HP-14815,Harold Pawlan,31,7,1990.314,4,4,3,11,Loyal Customers,0
HR-14770,Hallie Redmond,14,5,1299.288,5,2,2,9,Potential Loyalists,0
HR-14830,Harold Ryan,160,7,5248.787,2,4,5,11,Loyal Customers,1
HW-14935,Helen Wasserman,118,8,9300.254,2,4,5,11,Loyal Customers,1
HZ-14950,Henia Zydlo,36,5,886.52,4,2,1,7,Potential Loyalists,0
IG-15085,Ivan Gibson,72,4,744.574,3,1,1,5,At Risk,0
IL-15100,Ivan Liston,143,7,5040.736,2,4,5,11,Loyal Customers,1
IM-15055,Ionia McGrath,410,3,2872.63,1,1,4,6,At Risk,1
IM-15070,Irene Maddox,391,7,4930.474,1,4,5,10,Loyal Customers,1
JA-15970,Joseph Airdo,93,8,6491.026,3,4,5,12,Loyal Customers,1
JB-15400,Jennifer Braxton,8,10,1791.605,5,5,3,13,Champions,0
JB-15925,Joni Blumstein,738,3,900.552,1,1,1,3,Lost Customers,1
JB-16000,Joy Bell-,44,7,644.1188,4,4,1,9,Potential Loyalists,0
JB-16045,Julia Barnett,8,5,2518.115,5,2,3,10,Loyal Customers,0
JC-15340,Jasper Cacioppo,115,4,71.263,2,1,1,4,At Risk,1
JC-15385,Jenna Caffey,176,1,1058.108,2,1,2,5,At Risk,1
JC-15775,John Castell,159,9,2772.055,2,5,4,11,Loyal Customers,1
JC-16105,Julie Creighton,58,5,858.576,3,2,1,6,At Risk,0
JD-15790,John Dryer,118,5,2152.352,2,2,3,7,Potential Loyalists,1
JD-15895,Jonathan Doherty,395,11,7610.8640000000005,1,5,5,11,Loyal Customers,1
JD-16015,Joy Daniels,113,6,385.43,2,3,1,6,At Risk,1
JD-16060,Julia Dunbar,301,3,695.442,1,1,1,3,Lost Customers,1
JD-16150,Justin Deggeller,42,8,8828.0305,4,4,5,13,Champions,0
JE-15475,Jeremy Ellison,194,6,1388.682,2,3,2,7,Potential Loyalists,1
JE-15610,Jim Epp,49,7,7754.976,4,4,5,13,Champions,0
JE-15715,Joe Elijah,47,10,8697.842999999999,4,5,5,14,Champions,0
JE-15745,Joel Eaton,52,13,6760.8150000000005,4,5,5,14,Champions,0
JE-16165,Justin Ellison,21,3,2697.248,5,1,3,9,Potential Loyalists,0
JF-15190,Jamie Frazer,66,7,2279.5860000000002,3,4,3,10,Loyal Customers,0
JF-15295,Jason Fortune-,226,5,955.124,1,2,1,4,At Risk,1
JF-15355,Jay Fein,106,6,1911.844,2,3,3,8,Potential Loyalists,1
JF-15415,Jennifer Ferguson,3,6,2371.448,5,3,3,11,Loyal Customers,0
JF-15490,Jeremy Farry,122,11,1082.918,2,5,2,9,Potential Loyalists,1
JF-15565,Jill Fjeld,55,8,4198.332,3,4,4,11,Loyal Customers,0
JG-15115,Jack Garza,759,3,2358.676,1,1,3,5,At Risk,1
JG-15160,James Galang,2,11,6366.392,5,5,5,15,Champions,0
JG-15310,Jason Gross,3,6,2240.58,5,3,3,11,Loyal Customers,0
JG-15805,John Grady,224,6,1507.018,2,3,2,7,Potential Loyalists,1
JH-15430,Jennifer Halladay,6,4,309.281,5,1,1,7,Potential Loyalists,0
JH-15820,John Huston,175,6,528.91,2,3,1,6,At Risk,1
JH-15910,Jonathan Howell,42,7,959.477,4,4,1,9,Potential Loyalists,0
JH-15985,Joseph Holt,30,6,7954.9980000000005,4,3,5,12,Loyal Customers,0
JH-16180,Justin Hirsh,405,4,2256.3940000000002,1,1,3,5,At Risk,1
JJ-15445,Jennifer Jackson,484,5,709.178,1,2,1,4,At Risk,1
JJ-15760,Joel Jenkins,754,2,195.0,1,1,1,3,Lost Customers,1
JK-15205,Jamie Kunitz,62,5,4427.142,3,2,5,10,Loyal Customers,0
JK-15325,Jason Klamczynski,288,3,383.812,1,1,1,3,Lost Customers,1
JK-15370,Jay Kimmel,45,8,2709.632,4,4,3,11,Loyal Customers,0
JK-15625,Jim Karlsson,62,7,3760.028,3,4,4,11,Loyal Customers,0
JK-15640,Jim Kriz,181,9,4760.434,2,5,5,12,Loyal Customers,1
JK-15730,Joe Kamberova,85,10,4867.2,3,5,5,13,Champions,0
JK-16090,Juliana Krohn,29,3,3747.668,4,1,4,9,Potential Loyalists,0
JK-16120,Julie Kriz,118,10,2932.484,2,5,4,11,Loyal Customers,1
JL-15130,Jack Lebron,9,6,1214.956,5,3,2,10,Loyal Customers,0
JL-15175,James Lanier,7,5,1571.523,5,2,2,9,Potential Loyalists,0
JL-15235,Janet Lee,120,5,2203.7,2,2,3,7,Potential Loyalists,1
JL-15505,Jeremy Lonsdale,50,6,3173.874,4,3,4,11,Loyal Customers,0
JL-15835,John Lee,22,11,9799.923,5,5,5,15,Champions,0
JL-15850,John Lucas,615,6,2725.256,1,3,3,7,Potential Loyalists,1
JM-15250,Janet Martin,38,6,3159.1220000000003,4,3,4,11,Loyal Customers,0
JM-15265,Janet Molinari,38,5,1804.146,4,2,3,9,Potential Loyalists,0
JM-15535,Jessica Myrick,103,7,1733.443,3,4,2,9,Potential Loyalists,1
JM-15580,Jill Matthias,1,5,303.948,5,2,1,8,Potential Loyalists,0
JM-15655,Jim Mitchum,9,5,864.947,5,2,1,8,Potential Loyalists,0
JM-15865,John Murray,110,7,7625.076000000001,2,4,5,11,Loyal Customers,1
JM-16195,Justin MacKendrick,58,10,2833.9260000000004,3,5,4,12,Loyal Customers,0
JO-15145,Jack O'Briant,58,9,3254.949,3,5,4,12,Loyal Customers,0
JO-15280,Jas O'Carroll,93,6,1934.272,3,3,3,9,Potential Loyalists,1
JO-15550,Jesus Ocampo,216,5,1090.838,2,2,2,6,At Risk,1
JP-15460,Jennifer Patt,38,7,1669.135,4,4,2,10,Loyal Customers,0
JP-15520,Jeremy Pistek,9,7,3635.594,5,4,4,13,Champions,0
JP-16135,Julie Prescott,103,9,1707.71,3,5,2,10,Loyal Customers,1
JR-15670,Jim Radford,594,2,1156.658,1,1,2,4,At Risk,1
JR-15700,Jocasta Rupert,69,1,863.88,3,1,1,5,At Risk,0
JR-16210,Justin Ritter,34,5,2201.686,4,2,3,9,Potential Loyalists,0
JS-15595,Jill Stevenson,120,4,1417.654,2,1,2,5,At Risk,1
JS-15685,Jim Sink,43,4,1131.0639999999999,4,1,2,7,Potential Loyalists,0
JS-15880,John Stevenson,535,5,3868.02,1,2,4,7,Potential Loyalists,1
JS-15940,Joni Sundaresam,464,5,469.169,1,2,1,4,At Risk,1
JS-16030,Joy Smith,29,6,2516.494,4,3,3,10,Loyal Customers,0
JW-15220,Jane Waco,43,6,7721.714,4,3,5,12,Loyal Customers,0
JW-15955,Joni Wasserman,6,7,1244.086,5,4,2,11,Loyal Customers,0
JW-16075,Julia West,462,4,1428.731,1,1,2,4,At Risk,1
KA-16525,Kelly Andreada,37,7,1519.506,4,4,2,10,Loyal Customers,0
KB-16240,Karen Bern,5,7,3152.6150000000002,5,4,4,13,Champions,0
KB-16315,Karl Braun,297,9,1569.464,1,5,2,8,Potential Loyalists,1
KB-16405,Katrina Bavinger,118,3,908.821,2,1,1,4,At Risk,1
KB-16585,Ken Black,231,12,2744.742,1,5,3,9,Potential Loyalists,1
KB-16600,Ken Brennan,2,7,983.922,5,4,2,11,Loyal Customers,0
KC-16255,Karen Carlisle,408,6,2120.954,1,3,3,7,Potential Loyalists,1
KC-16540,Kelly Collister,98,4,3908.262,3,1,4,8,Potential Loyalists,1
KC-16675,Kimberly Carter,58,4,1146.05,3,1,2,6,At Risk,0
KD-16270,Karen Daniels,485,5,8282.358,1,2,5,8,Potential Loyalists,1
KD-16345,Katherine Ducich,42,6,1888.964,4,3,3,10,Loyal Customers,0
KD-16495,Keith Dawkins,113,12,8181.256,2,5,5,12,Loyal Customers,1
KD-16615,Ken Dana,290,5,2243.5099999999998,1,2,3,6,At Risk,1
KE-16420,Katrina Edelman,27,8,1686.7312,5,4,2,11,Loyal Customers,0
KF-16285,Karen Ferguson,98,7,10604.266,3,4,5,12,Loyal Customers,1
KH-16330,Katharine Harms,41,8,3312.864,4,4,4,12,Loyal Customers,0
KH-16360,Katherine Hughes,2,6,3100.612,5,3,4,12,Loyal Customers,0
KH-16510,Keith Herrera,23,7,5952.859,5,4,5,14,Champions,0
KH-16630,Ken Heidel,59,9,3918.9660000000003,3,5,4,12,Loyal Customers,0
KH-16690,Kristen Hastings,3,7,5990.799,5,4,5,14,Champions,0
KL-16555,Kelly Lampkin,17,8,5016.488,5,4,5,14,Champions,0
KL-16645,Ken Lonsdale,48,12,14175.229000000001,4,5,5,14,Champions,0
KM-16225,Kalyca Meade,15,6,2260.958,5,3,3,11,Loyal Customers,0
KM-16375,Katherine Murray,57,8,5620.186,3,4,5,12,Loyal Customers,0
KM-16660,Khloe Miller,16,5,453.538,5,2,1,8,Potential Loyalists,0
KM-16720,Kunst Miller,29,8,4909.472,4,4,5,13,Champions,0
KN-16390,Katherine Nockton,20,9,2617.272,5,5,3,13,Champions,0
KN-16450,Kean Nguyen,53,5,2171.962,4,2,3,9,Potential Loyalists,0
KN-16705,Kristina Nunn,99,8,2280.58,3,4,3,10,Loyal Customers,1
KS-16300,Karen Seio,296,3,88.472,1,1,1,3,Lost Customers,1
KT-16465,Kean Takahito,392,7,3057.1,1,4,4,9,Potential Loyalists,1
KT-16480,Kean Thornton,101,10,4642.088400000001,3,5,5,13,Champions,1
KW-16435,Katrina Willman,97,5,4416.5199999999995,3,2,5,10,Loyal Customers,1
KW-16570,Kelly Williams,772,4,449.096,1,1,1,3,Lost Customers,1
LA-16780,Laura Armstrong,155,11,8673.222,2,5,5,12,Loyal Customers,1
LB-16735,Larry Blacks,49,3,50.188,4,1,1,6,At Risk,0
LB-16795,Laurel Beltran,153,8,4985.676,2,4,5,11,Loyal Customers,1
LC-16870,Lena Cacioppo,28,8,2580.7039999999997,4,4,3,11,Loyal Customers,0
LC-16885,Lena Creighton,17,12,7663.126,5,5,5,15,Champions,0
LC-16930,Linda Cazamias,42,8,4492.946,4,4,5,13,Champions,0
LC-16960,Lindsay Castell,437,4,3246.626,1,1,4,6,At Risk,1
LC-17050,Liz Carlisle,55,5,2095.064,3,2,3,8,Potential Loyalists,0
LC-17140,Logan Currie,14,9,2633.582,5,5,3,13,Champions,0
LD-16855,Lela Donovan,553,1,5.304,1,1,1,3,Lost Customers,1
LD-17005,Lisa DeCherney,415,4,1961.934,1,1,3,5,At Risk,1
LE-16810,Laurel Elliston,22,6,1469.45,5,3,2,10,Loyal Customers,0
LF-17185,Luke Foster,23,7,3930.5089999999996,5,4,4,13,Champions,0
LH-16750,Larry Hughes,152,3,287.426,2,1,1,4,At Risk,1
LH-16900,Lena Hernandez,22,9,2295.332,5,5,3,13,Champions,0
LH-17020,Lisa Hazard,240,4,318.239,1,1,1,3,Lost Customers,1
LH-17155,Logan Haushalter,386,9,1739.689,1,5,3,9,Potential Loyalists,1
LL-16840,Lauren Leatherbury,250,6,2741.2039999999997,1,3,3,7,Potential Loyalists,1
LM-17065,Liz MacKendrick,392,5,1346.774,1,2,2,5,At Risk,1
LO-17170,Lori Olson,3,5,644.35,5,2,1,8,Potential Loyalists,0
LP-17080,Liz Pelletier,41,4,756.606,4,1,1,6,At Risk,0
LP-17095,Liz Preis,10,7,3653.399,5,4,4,13,Champions,0
LR-16915,Lena Radford,27,6,5142.892,5,3,5,13,Champions,0
LR-17035,Lisa Ryan,133,5,1879.306,2,2,3,7,Potential Loyalists,1
LS-16945,Linda Southworth,179,6,2845.27,2,3,4,9,Potential Loyalists,1
LS-16975,Lindsay Shagiari,21,9,2988.674,5,5,4,14,Champions,0
LS-17200,Luke Schmidt,97,6,1010.2560000000001,3,3,2,8,Potential Loyalists,1
LS-17230,Lycoris Saunders,778,3,368.88000000000005,1,1,1,3,Lost Customers,1
LS-17245,Lynn Smith,35,6,1008.1360000000001,4,3,2,9,Potential Loyalists,0
LT-16765,Larry Tron,27,3,329.876,5,1,1,7,Potential Loyalists,0
LT-17110,Liz Thompson,35,8,2936.252,4,4,4,12,Loyal Customers,0
LW-16825,Laurel Workman,89,5,2238.061,3,2,3,8,Potential Loyalists,0
LW-16990,Lindsay Williams,34,6,3230.308,4,3,4,11,Loyal Customers,0
LW-17125,Liz Willingham,206,3,1259.04,2,1,2,5,At Risk,1
LW-17215,Luke Weiss,22,7,5420.514,5,4,5,14,Champions,0
MA-17560,Matt Abelman,65,11,4299.161,3,5,5,13,Champions,0
MA-17995,Michelle Arnett,187,6,2453.284,2,3,3,8,Potential Loyalists,1
MB-17305,Maria Bertelson,49,10,1548.702,4,5,2,11,Loyal Customers,0
MB-18085,Mick Brown,45,7,1428.231,4,4,2,10,Loyal Customers,0
MC-17275,Marc Crier,77,8,2725.982,3,4,3,10,Loyal Customers,0
MC-17425,Mark Cousins,400,5,4432.138,1,2,5,8,Potential Loyalists,1
MC-17575,Matt Collins,28,8,1303.893,4,4,2,10,Loyal Customers,0
MC-17590,Matt Collister,52,6,2426.067,4,3,3,10,Loyal Customers,0
MC-17605,Matt Connell,113,8,2258.192,2,4,3,9,Potential Loyalists,1
MC-17635,Matthew Clasen,190,4,795.154,2,1,1,4,At Risk,1
MC-17845,Michael Chen,2,7,3805.714,5,4,4,13,Champions,0
MC-18100,Mick Crebagga,42,10,2218.98,4,5,3,12,Loyal Customers,0
MC-18130,Mike Caudle,370,5,1581.9979999999998,1,2,2,5,At Risk,1
MD-17350,Maribeth Dona,118,7,3766.382,2,4,4,10,Loyal Customers,1
MD-17860,Michael Dominguez,37,5,1204.91,4,2,2,8,Potential Loyalists,0
ME-17320,Maria Etezadi,43,10,10663.728000000001,4,5,5,14,Champions,0
ME-17725,Max Engle,29,8,1908.4532,4,4,3,11,Loyal Customers,0
ME-18010,Michelle Ellison,93,4,1256.944,3,2,2,7,Potential Loyalists,1
MF-17665,Maureen Fritzler,422,5,937.039,1,2,1,4,At Risk,1
MF-18250,Monica Federle,8,5,1758.3,5,2,3,10,Loyal Customers,0
MG-17650,Matthew Grinstein,30,7,3785.276,4,4,4,12,Loyal Customers,0
MG-17680,Maureen Gastineau,93,4,2350.188,3,2,3,8,Potential Loyalists,1
MG-17695,Maureen Gnade,556,3,1342.282,1,1,2,4,At Risk,1
MG-17875,Michael Grace,117,5,1242.8329999999999,2,2,2,6,At Risk,1
MG-17890,Michael Granlund,100,9,776.384,3,5,1,9,Potential Loyalists,1
MG-18145,Mike Gockenbach,85,4,3061.543,3,2,4,9,Potential Loyalists,0
MG-18205,Mitch Gastineau,265,1,16.739,1,1,1,3,Lost Customers,1
MH-17290,Marc Harrigan,120,6,2394.025,2,3,3,8,Potential Loyalists,1
MH-17440,Mark Haberlin,377,4,400.016,1,2,1,4,At Risk,1
MH-17455,Mark Hamilton,86,8,2456.1820000000002,3,4,3,10,Loyal Customers,0
MH-17620,Matt Hagelstein,156,4,1252.8,2,2,2,6,At Risk,1
MH-17785,Maya Herman,99,7,2203.7780000000002,3,4,3,10,Loyal Customers,1
MH-18025,Michelle Huthwaite,50,5,2984.948,4,2,4,10,Loyal Customers,0
MH-18115,Mick Hernandez,6,9,5503.093,5,5,5,15,Champions,0
MJ-17740,Max Jones,23,7,6320.746,5,4,5,14,Champions,0
MK-17905,Michael Kennedy,29,8,2302.368,4,4,3,11,Loyal Customers,0
MK-18160,Mike Kennedy,241,4,1031.602,1,2,2,5,At Risk,1
ML-17395,Marina Lichtenstein,70,9,2722.843,3,5,3,11,Loyal Customers,0
ML-17410,Maris LaWare,55,6,2921.5,3,3,4,10,Loyal Customers,0
ML-17755,Max Ludwig,30,7,2071.9139999999998,4,4,3,11,Loyal Customers,0
ML-18040,Michelle Lonsdale,80,3,742.082,3,1,1,5,At Risk,0
ML-18265,Muhammed Lee,101,2,162.232,3,1,1,5,At Risk,1
MM-17260,Magdelene Morse,169,4,1314.023,2,2,2,6,At Risk,1
MM-17920,Michael Moore,8,11,3794.0800000000004,5,5,4,14,Champions,0
MM-18055,Michelle Moray,62,8,2749.881,3,4,3,10,Loyal Customers,0
MM-18280,Muhammed MacIntyre,86,9,775.414,3,5,1,9,Potential Loyalists,0
MN-17935,Michael Nguyen,35,6,2477.946,4,3,3,10,Loyal Customers,0
MO-17500,Mary O'Rourke,73,4,922.487,3,2,1,6,At Risk,0
MO-17800,Meg O'Connel,105,8,1687.0269999999998,2,4,2,8,Potential Loyalists,1
MO-17950,Michael Oakman,181,2,154.288,2,1,1,4,At Risk,1
MP-17470,Mark Packer,720,7,3206.132,1,4,4,9,Potential Loyalists,1
MP-17965,Michael Paige,73,9,3983.6420000000003,3,5,4,12,Loyal Customers,0
MP-18175,Mike Pelletier,17,9,5087.92,5,5,5,15,Champions,0
MR-17545,Mathew Reese,126,4,639.178,2,2,1,5,At Risk,1
MS-17365,Maribeth Schnelling,274,10,7443.6900000000005,1,5,5,11,Loyal Customers,1
MS-17530,MaryBeth Skach,435,4,475.65599999999995,1,2,1,4,At Risk,1
MS-17710,Maurice Satty,414,6,1613.402,1,3,2,6,At Risk,1
MS-17770,Maxwell Schwartz,122,9,3144.678,2,5,4,11,Loyal Customers,1
MS-17830,Melanie Seite,453,4,370.348,1,2,1,4,At Risk,1
MS-17980,Michael Stewart,27,6,855.116,5,3,1,9,Potential Loyalists,0
MT-17815,Meg Tillman,50,6,2890.139,4,3,4,11,Loyal Customers,0
MT-18070,Michelle Tran,204,4,1319.4498,2,2,2,6,At Risk,1
MV-17485,Mark Van Huff,28,9,1560.05,4,5,2,11,Loyal Customers,0
MV-18190,Mike Vittorini,20,7,1734.574,5,4,2,11,Loyal Customers,0
MW-18220,Mitch Webber,18,7,5341.900000000001,5,4,5,14,Champions,0
MW-18235,Mitch Willingham,45,2,5253.876,4,1,5,10,Loyal Customers,0
MY-17380,Maribeth Yedwab,30,7,2254.285,4,4,3,11,Loyal Customers,0
MY-18295,Muhammed Yedwab,72,11,4152.696,3,5,4,12,Loyal Customers,0
MZ-17335,Maria Zettner,31,4,593.606,4,2,1,7,Potential Loyalists,0
MZ-17515,Mary Zewe,283,6,2564.906,1,3,3,7,Potential Loyalists,1
NB-18580,Nicole Brennan,1166,2,273.87199999999996,1,1,1,3,Lost Customers,1
NB-18655,Nona Balk,20,9,1972.599,5,5,3,13,Champions,0
NC-18340,Nat Carroll,225,5,2461.404,2,2,3,7,Potential Loyalists,1
NC-18415,Nathan Cano,42,6,2218.9900000000002,4,3,3,10,Loyal Customers,0
NC-18535,Nick Crebassa,7,7,8241.739,5,4,5,14,Champions,0
NC-18625,Noah Childs,205,5,1821.742,2,2,3,7,Potential Loyalists,1
ND-18370,Natalie DeCherney,28,9,4326.139,4,5,5,14,Champions,0
ND-18460,Neil Ducich,184,6,2893.455,2,3,4,9,Potential Loyalists,1
NF-18385,Natalie Fritzler,80,7,8322.826,3,4,5,12,Loyal Customers,0
NF-18475,Neil Französisch,526,4,377.16200000000003,1,2,1,4,At Risk,1
NF-18595,Nicole Fjeld,115,7,2031.472,2,4,3,9,Potential Loyalists,1
NG-18355,Nat Gilpin,49,5,1869.58,4,2,3,9,Potential Loyalists,0
NG-18430,Nathan Gelder,49,5,1395.9379999999999,4,2,2,8,Potential Loyalists,0
NH-18610,Nicole Hansen,190,7,2673.29,2,4,3,9,Potential Loyalists,1
NK-18490,Neil Knudson,71,7,572.048,3,4,1,8,Potential Loyalists,0
NL-18310,Nancy Lomonaco,59,4,1418.0900000000001,3,2,2,7,Potential Loyalists,0
NM-18445,Nathan Mautz,161,7,6459.344,2,4,5,11,Loyal Customers,1
NM-18520,Neoma Murray,245,10,2161.979,1,5,3,9,Potential Loyalists,1
NP-18325,Naresj Patel,26,6,5529.62,5,3,5,13,Champions,0
NP-18670,Nora Paige,59,5,3908.402,3,2,4,9,Potential Loyalists,0
NP-18685,Nora Pelletier,407,6,1228.698,1,3,2,6,At Risk,1
NP-18700,Nora Preis,139,7,7903.1825,2,4,5,11,Loyal Customers,1
NR-18550,Nick Radford,211,5,2367.277,2,2,3,7,Potential Loyalists,1
NS-18505,Neola Schneider,7,4,2575.863,5,2,3,10,Loyal Customers,0
NS-18640,Noel Staavos,175,13,2964.823,2,5,4,11,Loyal Customers,1
NW-18400,Natalie Webber,173,7,7234.014,2,4,5,11,Loyal Customers,1
NZ-18565,Nick Zandusky,86,9,2488.31,3,5,3,11,Loyal Customers,0
ON-18715,Odella Nelson,411,9,1567.52,1,5,2,8,Potential Loyalists,1
OT-18730,Olvera Toch,66,5,3818.624,3,2,4,9,Potential Loyalists,0
PA-19060,Pete Armstrong,104,6,729.408,3,3,1,7,Potential Loyalists,1
PB-18805,Patrick Bzostek,26,3,740.356,5,1,1,7,Potential Loyalists,0
PB-19105,Peter Bühler,58,4,688.324,3,2,1,6,At Risk,0
PB-19150,Philip Brown,98,8,1456.95,3,4,2,9,Potential Loyalists,1
PB-19210,Phillip Breyer,689,2,132.738,1,1,1,3,Lost Customers,1
PC-18745,Pamela Coakley,3,4,1832.064,5,2,3,10,Loyal Customers,0
PC-19000,Pauline Chand,883,2,1061.488,1,1,2,4,At Risk,1
PF-19120,Peter Fuller,836,4,9062.864,1,2,5,8,Potential Loyalists,1
PF-19165,Philip Fox,197,6,2770.0,2,3,4,9,Potential Loyalists,1
PF-19225,Phillip Flathmann,115,5,2206.1279999999997,2,2,3,7,Potential Loyalists,1
PG-18820,Patrick Gardner,37,13,3086.907,4,5,4,13,Champions,0
PG-18895,Paul Gonzalez,58,9,1987.164,3,5,3,11,Loyal Customers,0
PH-18790,Patricia Hirasaki,71,1,729.648,3,1,1,5,At Risk,0
PJ-18835,Patrick Jones,40,8,1220.09,4,4,2,10,Loyal Customers,0
PJ-19015,Pauline Johnson,135,7,1824.2340000000002,2,4,3,9,Potential Loyalists,1
PK-18910,Paul Knutson,484,2,1441.152,1,1,2,4,At Risk,1
PK-19075,Pete Kriz,10,12,8646.934,5,5,5,15,Champions,0
PL-18925,Paul Lucas,16,5,239.481,5,2,1,8,Potential Loyalists,0
PM-18940,Paul MacIntyre,387,3,1405.402,1,1,2,4,At Risk,1
PM-19135,Peter McVee,52,4,4115.662,4,2,4,10,Loyal Customers,0
PN-18775,Parhena Norris,31,8,1467.152,4,4,2,10,Loyal Customers,0
PO-18850,Patrick O'Brill,5,11,7473.8282,5,5,5,15,Champions,0
PO-18865,Patrick O'Donnell,1,7,2493.214,5,4,3,12,Loyal Customers,0
PO-19180,Philisse Overcash,161,9,4893.043,2,5,5,12,Loyal Customers,1
PO-19195,Phillina Ober,87,5,1056.858,3,2,2,7,Potential Loyalists,0
PP-18955,Paul Prost,98,10,7252.608,3,5,5,13,Champions,1
PR-18880,Patrick Ryan,37,5,1840.178,4,2,3,9,Potential Loyalists,0
PS-18760,Pamela Stobb,108,6,2181.479,2,3,3,8,Potential Loyalists,1
PS-18970,Paul Stevenson,70,8,1278.639,3,4,2,9,Potential Loyalists,0
PS-19045,Penelope Sewall,237,7,6843.634,1,4,5,10,Loyal Customers,1
PT-19090,Pete Takahito,72,4,160.572,3,2,1,6,At Risk,0
PV-18985,Paul Van Hugh,90,5,2876.046,3,2,4,9,Potential Loyalists,0
PW-19030,Pauline Webber,47,10,3454.916,4,5,4,13,Champions,0
PW-19240,Pierre Wener,465,7,3922.4150000000004,1,4,4,9,Potential Loyalists,1
QJ-19255,Quincy Jones,26,9,6108.338,5,5,5,15,Champions,0
RA-19285,Ralph Arnett,6,9,2617.906,5,5,3,13,Champions,0
RA-19885,Ruben Ausman,44,7,3832.314,4,4,4,12,Loyal Customers,0
RA-19915,Russell Applegate,13,9,4793.543,5,5,5,15,Champions,0
RA-19945,Ryan Akin,62,5,1686.9225,3,2,2,7,Potential Loyalists,0
RB-19330,Randy Bradley,69,2,1008.1959999999999,3,1,2,6,At Risk,0
RB-19360,Raymond Buch,97,6,15117.339,3,3,5,11,Loyal Customers,1
RB-19435,Richard Bierner,20,8,2663.0860000000002,5,4,3,12,Loyal Customers,0
RB-19465,Rick Bensley,10,12,4715.466,5,5,5,15,Champions,0
RB-19570,Rob Beeghly,26,5,528.546,5,2,1,8,Potential Loyalists,0
RB-19645,Robert Barroso,649,5,221.084,1,2,1,4,At Risk,1
RB-19705,Roger Barcio,55,4,2067.45,3,2,3,8,Potential Loyalists,0
RB-19795,Ross Baird,33,8,5633.316000000001,4,4,5,13,Champions,0
RC-19825,Roy Collins,370,6,966.409,1,3,2,6,At Risk,1
RC-19960,Ryan Crowe,111,6,885.752,2,3,1,6,At Risk,1
RD-19480,Rick Duston,73,8,4272.93,3,4,4,11,Loyal Customers,0
RD-19585,Rob Dowd,181,10,2912.8940000000002,2,5,4,11,Loyal Customers,1
RD-19660,Robert Dilbeck,115,5,2786.632,2,2,4,8,Potential Loyalists,1
RD-19720,Roger Demir,22,10,1419.737,5,5,2,12,Loyal Customers,0
RD-19810,Ross DeVincentis,15,8,1137.616,5,4,2,11,Loyal Customers,0
RD-19900,Ruben Dartt,115,9,3133.924,2,5,4,11,Loyal Customers,1
RD-19930,Russell D'Ascenzo,43,4,970.9420000000001,4,2,2,8,Potential Loyalists,0
RE-19405,Ricardo Emerson,1098,1,48.36,1,1,1,3,Lost Customers,1
RE-19450,Richard Eichhorn,303,5,876.696,1,2,1,4,At Risk,1
RF-19345,Randy Ferguson,391,8,3309.15,1,4,4,9,Potential Loyalists,1
RF-19735,Roland Fjeld,90,7,2341.2960000000003,3,4,3,10,Loyal Customers,0
RF-19840,Roy Französisch,7,8,945.222,5,4,1,10,Loyal Customers,0
RH-19495,Rick Hansen,33,5,3621.3759999999997,4,2,4,10,Loyal Customers,0
RH-19510,Rick Huthwaite,468,6,6979.18,1,3,5,9,Potential Loyalists,1
RH-19555,Ritsa Hightower,520,2,740.382,1,1,1,3,Lost Customers,1
RH-19600,Rob Haberlin,535,3,2085.7400000000002,1,1,3,5,At Risk,1
RK-19300,Ralph Kennedy,120,3,1460.192,2,1,2,5,At Risk,1
RL-19615,Rob Lucas,122,8,6234.91,2,4,5,11,Loyal Customers,1
RM-19375,Raymond Messe,346,6,1453.474,1,3,2,6,At Risk,1
RM-19675,Robert Marley,7,5,5979.0960000000005,5,2,5,12,Loyal Customers,0
RM-19750,Roland Murray,300,1,98.35,1,1,1,3,Lost Customers,1
RO-19780,Rose O'Brian,36,7,3815.478,4,4,4,12,Loyal Customers,0
RP-19270,Rachel Payne,497,4,954.6452,1,2,1,4,At Risk,1
RP-19390,Resi Pölking,34,12,5153.084,4,5,5,14,Champions,0
RP-19855,Roy Phan,29,8,2170.716,4,4,3,11,Loyal Customers,0
RR-19315,Ralph Ritter,20,2,615.932,5,1,1,7,Potential Loyalists,0
RR-19525,Rick Reed,171,6,3302.2619999999997,2,3,4,9,Potential Loyalists,1
RS-19420,Ricardo Sperren,77,5,3221.29,3,2,4,9,Potential Loyalists,0
RS-19765,Roland Schwarz,37,8,4159.7699999999995,4,4,4,12,Loyal Customers,0
RS-19870,Roy Skaria,20,2,22.328,5,1,1,7,Potential Loyalists,0
RW-19540,Rick Wilson,121,7,7397.401,2,4,5,11,Loyal Customers,1
RW-19630,Rob Williams,90,9,3279.746,3,5,4,12,Loyal Customers,0
RW-19690,Robert Waldorf,80,5,3495.646,3,2,4,9,Potential Loyalists,0
SA-20830,Sue Ann Reed,64,10,4767.3415,3,5,5,13,Champions,0
SB-20170,Sarah Bern,202,3,1348.02,2,1,2,5,At Risk,1
SB-20185,Sarah Brown,189,6,6410.996,2,3,5,10,Loyal Customers,1
SB-20290,Sean Braxton,48,7,8057.891,4,4,5,13,Champions,0
SC-20020,Sam Craven,782,5,3362.9636,1,2,4,7,Potential Loyalists,1
SC-20050,Sample Company A,41,9,4624.572,4,5,5,14,Champions,0
SC-20095,Sanjit Chand,350,9,14142.333999999999,1,5,5,11,Loyal Customers,1
SC-20230,Scot Coram,150,4,4371.9580000000005,2,2,5,9,Potential Loyalists,1
SC-20260,Scott Cohen,188,8,3729.7929999999997,2,4,4,10,Loyal Customers,1
SC-20305,Sean Christensen,30,7,3979.065,4,4,4,12,Loyal Customers,0
SC-20380,Shahid Collister,31,9,5992.536,4,5,5,14,Champions,0
SC-20440,Shaun Chance,37,7,1874.998,4,4,3,11,Loyal Customers,0
SC-20575,Sonia Cooley,93,5,902.7280000000001,3,2,1,6,At Risk,1
SC-20680,Steve Carroll,127,6,1254.64,2,3,2,7,Potential Loyalists,1
SC-20695,Steve Chapman,90,10,2576.408,3,5,3,11,Loyal Customers,0
SC-20725,Steven Cartwright,188,11,5226.21,2,5,5,12,Loyal Customers,1
SC-20770,Stewart Carmichael,42,7,4492.657,4,4,5,13,Champions,0
SC-20800,Stuart Calhoun,31,4,279.25600000000003,4,2,1,7,Potential Loyalists,0
SC-20845,Sung Chung,132,2,280.632,2,1,1,4,At Risk,1
SD-20485,Shirley Daniels,201,9,6121.114,2,5,5,12,Loyal Customers,1
SE-20110,Sanjit Engle,10,11,12209.438000000002,5,5,5,15,Champions,0
SF-20065,Sandra Flanagan,60,7,763.5459999999999,3,4,1,8,Potential Loyalists,0
SF-20200,Sarah Foster,60,9,3422.7859999999996,3,5,4,12,Loyal Customers,0
SF-20965,Sylvia Foulston,49,9,3336.535,4,5,4,13,Champions,0
SG-20080,Sandra Glassco,9,3,3406.5809999999997,5,1,4,10,Loyal Customers,0
SG-20470,Sheri Gordon,184,8,1884.798,2,4,3,9,Potential Loyalists,1
SG-20605,Speros Goranitis,109,6,3124.832,2,3,4,9,Potential Loyalists,1
SG-20890,Susan Gilcrest,227,3,47.946,1,1,1,3,Lost Customers,1
SH-19975,Sally Hughsby,30,13,3406.8395,4,5,4,13,Champions,0
SH-20395,Shahid Hopkins,24,10,2180.718,5,5,3,13,Champions,0
SH-20635,Stefanie Holloman,766,2,2096.392,1,1,3,5,At Risk,1
SJ-20125,Sanjit Jacobs,96,12,3949.656,3,5,4,12,Loyal Customers,1
SJ-20215,Sarah Jordon,30,6,1341.036,4,3,2,9,Potential Loyalists,0
SJ-20500,Shirley Jackson,254,5,1318.776,1,2,2,5,At Risk,1
SK-19990,Sally Knutson,9,3,883.409,5,1,1,7,Potential Loyalists,0
SL-20155,Sara Luxemburg,71,7,3053.012,3,4,4,11,Loyal Customers,0
SM-20005,Sally Matthias,422,4,244.49399999999997,1,2,1,4,At Risk,1
SM-20320,Sean Miller,80,5,25043.05,3,2,5,10,Loyal Customers,0
SM-20905,Susan MacKendrick,607,1,1043.041,1,1,2,4,At Risk,1
SM-20950,Suzanne McNair,26,12,5563.392,5,5,5,15,Champions,0
SN-20560,Skye Norling,112,6,1860.418,2,3,3,8,Potential Loyalists,1
SN-20710,Steve Nguyen,80,7,3127.9592,3,4,4,11,Loyal Customers,0
SO-20335,Sean O'Donnell,30,6,2602.5755,4,3,3,10,Loyal Customers,0
SP-20545,Sibella Parks,328,6,1306.086,1,3,2,6,At Risk,1
SP-20620,Stefania Perrino,48,9,5440.319,4,5,5,14,Champions,0
SP-20650,Stephanie Phelps,387,9,1872.4360000000001,1,5,3,9,Potential Loyalists,1
SP-20860,Sung Pak,80,10,4282.94,3,5,5,13,Champions,0
SP-20920,Susan Pistek,71,6,3990.689,3,3,4,10,Loyal Customers,0
SR-20425,Sharelle Roach,9,5,3233.481,5,2,4,11,Loyal Customers,0
SR-20740,Steven Roelle,197,8,4345.8859999999995,2,4,5,11,Loyal Customers,1
SS-20140,Saphhira Shifley,16,8,1324.028,5,4,2,11,Loyal Customers,0
SS-20410,Shahid Shariari,111,6,3056.8070000000002,2,3,4,9,Potential Loyalists,1
SS-20515,Shirley Schmidt,492,3,613.4,1,1,1,3,Lost Customers,1
SS-20590,Sonia Sunley,433,6,418.49,1,3,1,5,At Risk,1
SS-20875,Sung Shariari,121,5,964.636,2,2,2,6,At Risk,1
ST-20530,Shui Tom,126,7,433.34000000000003,2,4,1,7,Potential Loyalists,1
SU-20665,Stephanie Ulpright,21,7,2595.364,5,4,3,12,Loyal Customers,0
SV-20365,Seth Vernon,102,10,11470.949999999999,3,5,5,13,Champions,1
SV-20785,Stewart Visinsky,321,9,4105.305,1,5,4,10,Loyal Customers,1
SV-20815,Stuart Van,77,4,1271.0900000000001,3,2,2,7,Potential Loyalists,0
SV-20935,Susan Vittorini,3,8,1903.491,5,4,3,12,Loyal Customers,0
SW-20245,Scot Wooten,82,7,1085.078,3,4,2,9,Potential Loyalists,0
SW-20275,Scott Williamson,31,6,1966.65,4,3,3,10,Loyal Customers,0
SW-20350,Sean Wendt,163,3,1019.044,2,1,2,5,At Risk,1
SW-20455,Shaun Weien,163,7,2921.544,2,4,4,10,Loyal Customers,1
SW-20755,Steven Ward,535,2,758.6959999999999,1,1,1,3,Lost Customers,1
SZ-20035,Sam Zeldin,36,11,3625.329,4,5,4,13,Champions,0
TA-21385,Tom Ashbrook,70,4,14595.62,3,2,5,10,Loyal Customers,0
TB-21055,Ted Butterfield,120,5,1467.881,2,2,2,6,At Risk,1
TB-21175,Thomas Boland,59,4,3589.296,3,2,4,9,Potential Loyalists,0
TB-21190,Thomas Brumley,50,4,816.1740000000001,4,2,1,7,Potential Loyalists,0
TB-21250,Tim Brockman,350,7,1602.376,1,4,2,7,Potential Loyalists,1
TB-21280,Toby Braunhardt,584,6,2198.45,1,3,3,7,Potential Loyalists,1
TB-21355,Todd Boyes,147,5,834.328,2,2,1,5,At Risk,1
TB-21400,Tom Boeckenhauer,203,7,9133.99,2,4,5,11,Loyal Customers,1
TB-21520,Tracy Blumstein,108,9,4737.486,2,5,5,12,Loyal Customers,1
TB-21595,Troy Blackwell,286,5,1387.559,1,2,2,5,At Risk,1
TB-21625,Trudy Brown,31,9,2797.668,4,5,4,13,Champions,0
TC-20980,Tamara Chand,400,5,19052.218,1,2,5,8,Potential Loyalists,1
TC-21145,Theresa Coyne,107,1,1038.26,2,1,2,5,At Risk,1
TC-21295,Toby Carlisle,28,8,4266.812,4,4,4,12,Loyal Customers,0
TC-21475,Tony Chapman,154,9,1244.976,2,5,2,9,Potential Loyalists,1
TC-21535,Tracy Collins,5,7,742.5580000000001,5,4,1,10,Loyal Customers,0
TD-20995,Tamara Dahlen,38,9,1434.5480000000002,4,5,2,11,Loyal Customers,0
TG-21310,Toby Gnade,338,5,3058.372,1,3,4,8,Potential Loyalists,1
TG-21640,Trudy Glocke,115,4,2074.661,2,2,3,7,Potential Loyalists,1
TH-21100,Thea Hendricks,345,5,2422.824,1,3,3,7,Potential Loyalists,1
TH-21115,Thea Hudgings,59,4,2942.772,3,2,4,9,Potential Loyalists,0
TH-21235,Tiffany House,118,8,1022.201,2,4,2,8,Potential Loyalists,1
TH-21550,Tracy Hopkins,73,7,4234.0960000000005,3,4,4,11,Loyal Customers,0
TM-21010,Tamara Manning,104,8,2955.2259999999997,3,4,4,11,Loyal Customers,1
TM-21490,Tony Molinari,131,3,1094.6779999999999,2,1,2,5,At Risk,1
TN-21040,Tanja Norvell,91,7,3130.221,3,4,4,11,Loyal Customers,1
TP-21130,Theone Pippenger,9,9,4454.0560000000005,5,5,5,15,Champions,0
TP-21415,Tom Prescott,105,5,5329.0048,2,3,5,10,Loyal Customers,1
TP-21565,Tracy Poddar,351,4,1936.6399999999999,1,2,3,6,At Risk,1
TR-21325,Toby Ritter,194,5,675.9419999999999,2,3,1,6,At Risk,1
TS-21085,Thais Sissman,358,2,4.833,1,1,1,3,Lost Customers,1
TS-21160,Theresa Swint,505,6,2163.6240000000003,1,3,3,7,Potential Loyalists,1
TS-21205,Thomas Seio,199,7,5371.09,2,4,5,11,Loyal Customers,1
TS-21340,Toby Swindell,227,5,974.7819999999999,1,3,2,6,At Risk,1
TS-21370,Todd Sumrall,37,6,11891.751,4,3,5,12,Loyal Customers,0
TS-21430,Tom Stivers,173,5,2054.14,2,3,3,8,Potential Loyalists,1
TS-21505,Tony Sayre,12,6,2243.274,5,3,3,11,Loyal Customers,0
TS-21610,Troy Staebel,56,7,2820.424,3,4,4,11,Loyal Customers,0
TS-21655,Trudy Schmidt,239,5,3368.094,1,3,4,8,Potential Loyalists,1
TT-21070,Ted Trevino,32,7,4915.602,4,4,5,13,Champions,0
TT-21220,Thomas Thornton,184,8,1427.0439999999999,2,4,2,8,Potential Loyalists,1
TT-21265,Tim Taslimi,407,3,439.5,1,1,1,3,Lost Customers,1
TT-21460,Tonja Turnell,13,7,5364.808,5,4,5,14,Champions,0
TW-21025,Tamara Willingham,65,7,5278.826,3,4,5,12,Loyal Customers,0
TZ-21580,Tracy Zic,36,4,1707.286,4,2,2,8,Potential Loyalists,0
VB-21745,Victoria Brennan,55,6,2005.596,3,3,3,9,Potential Loyalists,0
VD-21670,Valerie Dominguez,582,6,6442.254,1,3,5,9,Potential Loyalists,1
VF-21715,Vicky Freymann,14,5,847.944,5,3,1,9,Potential Loyalists,0
VG-21790,Vivek Gonzalez,155,6,846.01,2,3,1,6,At Risk,1
VG-21805,Vivek Grady,287,5,427.372,1,3,1,5,At Risk,1
VM-21685,Valerie Mitchum,55,7,2454.866,3,4,3,10,Loyal Customers,0
VM-21835,Vivian Mathis,118,5,380.69,2,3,1,6,At Risk,1
VP-21730,Victor Preis,31,3,993.9019999999999,4,1,2,7,Potential Loyalists,0
VP-21760,Victoria Pisteka,76,7,3360.526,3,4,4,11,Loyal Customers,0
VS-21820,Vivek Sundaresam,222,4,1055.981,2,2,2,6,At Risk,1
VT-21700,Valerie Takahito,1001,2,1736.596,1,1,2,4,At Risk,1
VW-21775,Victoria Wilson,29,10,6134.0380000000005,4,5,5,14,Champions,0
WB-21850,William Brown,21,11,6160.102,5,5,5,15,Champions,0
XP-21865,Xylona Preis,44,11,2374.658,4,5,3,12,Loyal Customers,0
YC-21895,Yoseph Carroll,5,5,5454.35,5,3,5,13,Champions,0
YS-21880,Yana Sorensen,10,8,6720.4439999999995,5,4,5,14,Champions,0
ZC-21910,Zuschuss Carroll,55,13,8025.707,3,5,5,13,Champions,0
ZD-21925,Zuschuss Donatelli,203,5,1493.944,2,3,2,7,Potential Loyalists,1
